Year,Value
2012,5.140326463
2013,5.537796357
2014,6.546992447
2015,6.99175
2016,6.801484
