{"data":{"Year":[2012,2013,2014,2015,2016],"Value":[5.140326463,5.537796357,6.546992447,6.99175,6.801484]},"edges":[]}